1/18/18 Last day to trade expiring standard AM-settled equity index options,
2/15/18 Last day to trade expiring standard AM-settled equity index options,
3/15/18 Last day to trade expiring standard AM-settled equity index options,
4/19/18 Last day to trade expiring standard AM-settled equity index options,
5/17/18 Last day to trade expiring standard AM-settled equity index options,
6/14/18 Last day to trade expiring standard AM-settled equity index options,
7/19/18 Last day to trade expiring standard AM-settled equity index options,
8/16/18 Last day to trade expiring standard AM-settled equity index options,
9/20/18 Last day to trade expiring standard AM-settled equity index options,
10/18/18 Last day to trade expiring standard AM-settled equity index options,
11/15/18 Last day to trade expiring standard AM-settled equity index options,
12/20/18 Last day to trade expiring standard AM-settled equity index options,
1/17/19 Last day to trade expiring standard AM-settled equity index options,
2/14/19 Last day to trade expiring standard AM-settled equity index options,
3/14/19 Last day to trade expiring standard AM-settled equity index options,
4/17/19 Last day to trade expiring standard AM-settled equity index options,
5/16/19 Last day to trade expiring standard AM-settled equity index options,
6/20/19 Last day to trade expiring standard AM-settled equity index options,
7/18/19 Last day to trade expiring standard AM-settled equity index options,
8/15/19 Last day to trade expiring standard AM-settled equity index options,
9/19/19 Last day to trade expiring standard AM-settled equity index options,
10/17/19 Last day to trade expiring standard AM-settled equity index options,
11/14/19 Last day to trade expiring standard AM-settled equity index options,
12/19/19 Last day to trade expiring standard AM-settled equity index options,
1/17/20 orange,
2/20/20 orange,
3/19/20 orange,
4/16/20 orange,
5/14/20 orange,
6/18/20 orange,
7/16/20 orange,
8/21/20 orange,
9/17/20 orange,
10/15/20 orange,
11/19/20 orange,
12/17/20 orange,
1/14/21 orange,
2/18/21 orange,
3/18/21 orange,
4/15/21 orange,
5/20/21 orange,
6/17/21 orange,
7/15/21 orange,
8/19/21 orange,
9/16/21 orange,
10/14/21 orange,
11/18/21 orange,
12/16/21 orange,
1/20/22 Orange,
2/17/22 Orange,
3/17/22 Orange,
4/13/22 Orange,
5/19/22 Orange,







